p=0.6572_k=1.964343,p=0.6572_k=1.2345,p=0.6572_k=2.7852,p=0.6572_k=3.321,p=0.6572_k=3.4729,p=0.6572_k=3.8342,p=0.5_k=1.964343,p=0.5_k=1.2345,p=0.5_k=2.7852,p=0.5_k=3.321,p=0.5_k=3.4729,p=0.5_k=3.8342,p=0.892_k=1.964343,p=0.892_k=1.2345,p=0.892_k=2.7852,p=0.892_k=3.321,p=0.892_k=3.4729,p=0.892_k=3.8342,p=0.121_k=1.964343,p=0.121_k=1.2345,p=0.121_k=2.7852,p=0.121_k=3.321,p=0.121_k=3.4729,p=0.121_k=3.8342,p=0.9932_k=1.964343,p=0.9932_k=1.2345,p=0.9932_k=2.7852,p=0.9932_k=3.321,p=0.9932_k=3.4729,p=0.9932_k=3.8342,p=0.893_k=1.964343,p=0.893_k=1.2345,p=0.893_k=2.7852,p=0.893_k=3.321,p=0.893_k=3.4729,p=0.893_k=3.8342,p=0.891_k=1.964343,p=0.891_k=1.2345,p=0.891_k=2.7852,p=0.891_k=3.321,p=0.891_k=3.4729,p=0.891_k=3.8342
0.6572,0.6572,0.6572,0.6572,0.6572,0.6572,0.5,0.5,0.5,0.5,0.5,0.5,0.892,0.892,0.892,0.892,0.892,0.892,0.121,0.121,0.121,0.121,0.121,0.121,0.9932,0.9932,0.9932,0.9932,0.9932,0.9932,0.893,0.893,0.893,0.893,0.893,0.893,0.891,0.891,0.891,0.891,0.891,0.891
0.44254322007888,0.27811823352,0.6274725832320001,0.7481819793600001,0.7824032508640001,0.863799863072,0.49108575,0.308625,0.6963,0.83025,0.868225,0.95855,0.18923694724799997,0.11892679199999998,0.2683150272,0.319931856,0.33456529439999994,0.36937149119999996,0.208925557137,0.1313001855,0.2962310868,0.353218239,0.3693741711,0.4078016778,0.013266701179680054,0.008337516720000033,0.01881057235200008,0.022429236960000095,0.0234551331040001,0.025895266592000105,0.18769493799299997,0.11795770949999997,0.2661286452,0.31732487099999995,0.33183906789999995,0.36636164419999995,0.19077502781699995,0.11989340549999997,0.27049583879999994,0.32253219899999996,0.3372845751,0.3723736698
0.48460090067873784,0.24784869066323584,0.6510425625078927,0.6256953467066833,0.5912556819093271,0.45109232494872226,0.49092965573648367,0.2634121897734375,0.588975966612,0.4680449274374999,0.3973357023444375,0.15234004139449997,0.30138192761641214,0.12935487292349476,0.5467962387742529,0.7225681143379488,0.7731764438338842,0.8931239500069689,0.32465810290472474,0.14080762155937318,0.5806535662330178,0.7586994357119307,0.8089665350891222,0.9259572655102348,0.025714616698142734,0.010206849129388063,0.051405697541559804,0.0728167982470717,0.07954673919822759,0.09671655148868795,0.29949463243584273,0.1284419331687145,0.5439612283280557,0.7194275566500916,0.7700179896886037,0.8900742164776562,0.30325510847140885,0.13026317688134267,0.5495974999453964,0.7256557014789132,0.7762754247361042,0.8960967093693032
0.4906199409051793,0.23013514088309814,0.6327588491351346,0.7777804576698882,0.8393040797633511,0.9493787443648797,0.4909241412521019,0.23952535384044094,0.6742503441182799,0.8268588383539217,0.8316207798162706,0.4951200354120424,0.41359411058307477,0.13903209327654775,0.6902007240442913,0.6657390659082453,0.6090585543824758,0.3659880394871267,0.4306924548977899,0.14935084114101932,0.6781822802775518,0.6079907531168934,0.5367008553492927,0.2628743161965639,0.04921342217340596,0.012471745325213777,0.1358151303984443,0.22421569481732842,0.2542824577805093,0.3349651447332943,0.412114442219087,0.13819561236967218,0.6909173514569105,0.6703489888575178,0.6150168516257113,0.37514620144236754,0.4150488761656858,0.13986228447238647,0.6894486530952783,0.661143034079388,0.6031451056935837,0.356992380913354
0.49091291628203637,0.21872001642115424,0.6472110950316314,0.5739950555752054,0.4683995438023531,0.18426683667823376,0.49092394468628303,0.22486782752509082,0.611732464308946,0.47544531860234057,0.48630205483669137,0.9584586921526973,0.4764200089159137,0.14777232925471814,0.5955417262727958,0.7390239965078149,0.8269191321265124,0.8896908140399159,0.4816499580601194,0.15683725914479357,0.6078728940763302,0.7915204888381786,0.8635471676786354,0.7429583405316226,0.0919144793689354,0.015204350003342752,0.3268971992740853,0.5776647595065197,0.6585413327556687,0.8541197984608813,0.47591341754482386,0.14702596879538699,0.5947810333947923,0.73387863824613,0.8222824359912608,0.8987806844370866,0.47690968875658946,0.14851136951744406,0.5963369656770401,0.7440133358472959,0.8312771196377616,0.8801360890302458
0.4909235441990073,0.2109532991993681,0.6359416341750525,0.8120666341431524,0.8647570008456965,0.5763284542791535,0.49092393767741727,0.21517617412767287,0.6615291632994524,0.8282476615708667,0.8675733669173763,0.15266107930419126,0.4899935439027308,0.15546758209829065,0.6708760775918756,0.640513064119288,0.49705492649732236,0.3762924884963387,0.4904243084906748,0.16324945694495255,0.6638898495329619,0.5480174870352515,0.4092238123736936,0.7322219466822578,0.16395626112919306,0.018484387925361317,0.6128426528447275,0.8102183428193684,0.7809324284267988,0.4777381312416548,0.48994610997955246,0.15481782195288105,0.6712793109596353,0.6485938989220633,0.5075088778280493,0.34881237936319753,0.49003843602767594,0.15610961429092837,0.670451085325741,0.632509330695129,0.48709322177865644,0.40449488664433264
0.49092392339693874,0.20548499987161525,0.6448291477668378,0.5068324750530067,0.4061637480171311,0.9362118245296532,0.4909239374275022,0.20847666675197338,0.6236294790554048,0.472423782747889,0.39900085564539856,0.49597552590211824,0.4908890619783343,0.1620866563667729,0.614975964880702,0.7646804377340173,0.8681948779479336,0.8998731347154086,0.4909056317924836,0.16863155407800526,0.6214898544813198,0.8225928398378194,0.8396072057302209,0.7517829719083753,0.26926154192080065,0.022397182072892607,0.6608347552287555,0.5106521694440823,0.5941332113989378,0.9566498057522865,0.49088719282559534,0.1615334163569498,0.6145916950991087,0.7569218324876268,0.868029186624145,0.8709090195666163,0.4908908228288589,0.162632292530521,0.6153799899044086,0.7719374818426588,0.8676464672172496,0.9235773926747443
0.49092393691830283,0.20154559919638154,0.6378790874142026,0.8300949667023229,0.8376452744115722,0.22897552588354736,0.49092393741859097,0.20370996344928463,0.6537303122155242,0.8277245529958959,0.8327985473547801,0.9584878997946965,0.4909226914754768,0.16766308937424923,0.6594811251923082,0.5975949069905653,0.39741273987195824,0.34546707978866037,0.49092328403631974,0.1730706695368203,0.6551910475368817,0.48464634801511713,0.46768483612477346,0.715482175675497,0.3865036650228301,0.02703005438633254,0.6242529519430622,0.829873170401253,0.8374514195573624,0.159007935302115,0.49092262456413344,0.16720113893401908,0.6597268241575444,0.6110346821827747,0.3978363848425119,0.43106568324848094,0.4909227544972957,0.16811795048165482,0.6592219078256851,0.5846620698232935,0.3988142053629989,0.2706262421570773
0.4909239374004344,0.1986618762562566,0.6433515578233581,0.46838491633282847,0.47229935771547915,0.6769116549511238,0.4909239374182732,0.20025097848023768,0.6304773436287583,0.4735633662646493,0.48358440113651,0.15255839234339488,0.49092389298863026,0.17227716353821082,0.6254605845742375,0.7986182525440793,0.8316756935629649,0.8669876804883586,0.4909239141197829,0.17667819930393638,0.6292205156066217,0.8294671252961849,0.8645983553550317,0.7805182476446286,0.4657822266170248,0.03246664700928938,0.6532998651954034,0.46887103930354357,0.47275385881673415,0.512726139773686,0.49092389060243613,0.17189785136134803,0.6252421439483865,0.7893063851498857,0.8319769387383358,0.9403301115523156,0.49092389523609986,0.17265013977866203,0.6256906793071657,0.806446180992276,0.8326674874853596,0.756823839638547
0.4909239374176258,0.19652664127798214,0.6390650615380558,0.8269306156157478,0.8655601549828862,0.8385482296102391,0.49092393741826185,0.19770582199891318,0.6488838160293984,0.8279289677015833,0.8672891510869474,0.49570197528317556,0.4909239358340302,0.17603691306864694,0.652459954113783,0.5341069294410156,0.4861755575988246,0.442160106454189,0.4909239365875065,0.1795740897888015,0.6497928929062786,0.4697601437322548,0.40656559358913885,0.6568349337415227,0.4887857871823598,0.03877881006203989,0.6308454362872994,0.8270319105035882,0.8656468850120496,0.9579290335440833,0.4909239357489453,0.17572981588246506,0.6526124818621802,0.5522883293137114,0.4854812479515769,0.21513463410505923,0.49092393591416855,0.1763385341966355,0.6522990013524466,0.5183773414135826,0.48388729320655166,0.7056519783210441
0.49092393741823886,0.19493238991400916,0.6424367627982076,0.4752894733152923,0.4041266933603999,0.5190935359565265,0.49092393741826146,0.195814204869136,0.6345621686906651,0.47311826850415967,0.3997262040141207,0.9584791707602645,0.4909239373617725,0.1790616551486441,0.631560706453149,0.8263867383661947,0.8675612759951667,0.9457228630131549,0.49092393738863926,0.18187547292264364,0.6338059309366763,0.8272131151795413,0.8379066236282418,0.864239429403204,0.4908387170350605,0.04601600472400586,0.6486159048651203,0.47506948011059114,0.40390645034991285,0.15452209511016934,0.49092393735873874,0.17881590247624307,0.631431105494002,0.8211701555809862,0.8674929329581117,0.6474112775287808,0.49092393736462997,0.1793027989814346,0.6316973255137647,0.8291284097042504,0.8673233680628369,0.7963911909104274
0.4909239374182607,0.19373471841974277,0.6397932179146552,0.8282221637614726,0.8363031765830572,0.9571521921032279,0.49092393741826146,0.19439795201912566,0.6458684469835345,0.8278501541116398,0.8333055664408122,0.15258908218940614,0.49092393741624724,0.18146974553362707,0.6480931470974758,0.47646950579902697,0.3990317243634804,0.19681381629700176,0.49092393741720525,0.18368963141804742,0.6464337035711512,0.47467576806219525,0.47168619999707506,0.4498652982804345,0.4909208844489897,0.05419273779504234,0.6347841588693877,0.8281858961402835,0.836156344599468,0.5009191250745122,0.49092393741613904,0.18127493735209557,0.648188077829421,0.4876879571959268,0.39920618840193645,0.8752325090796652,0.4909239374163492,0.18166075534206003,0.647992974413163,0.47050098104275523,0.39963890843965594,0.6217242027713684
0.4909239374182614,0.1928308471750794,0.6418712211580531,0.47247937144746277,0.47544061227082174,0.15724772443513935,0.49092393741826146,0.19333182081918582,0.6370376178255288,0.47328991208704285,0.48241150730530624,0.49578373927996433,0.49092393741818957,0.183370749843646,0.6352161627789582,0.8284112149134673,0.832820199064221,0.6061031967641219,0.4909239374182238,0.18511049827315962,0.6365774311608366,0.828120187162121,0.8654408758443137,0.9489127830968379,0.4909238285402273,0.0632753899896877,0.6457019136383763,0.4725584323652435,0.4757835214345254,0.9585467609027213,0.4909239374181858,0.18321749586629035,0.6351378257046997,0.8297465815722112,0.8329424459379395,0.4186968029863985,0.4909239374181933,0.1835209246959508,0.6352987710912055,0.8273600919713402,0.8332447402026048,0.9017394962180851
0.4909239374182614,0.192146359211957,0.6402410446621584,0.8277347244285275,0.8661302733918324,0.5081115488751701,0.49092393741826146,0.1925259881152972,0.6439958694107217,0.8278807029674283,0.8671506407590903,0.9584818399846321,0.49092393741825896,0.18486133570362717,0.6453770445833507,0.4720671114851997,0.4835343504529126,0.9153850044364152,0.4909239374182601,0.1862176608013933,0.6443465650746163,0.47270165116140306,0.40442950653178905,0.18587171416504616,0.49092393353597413,0.07317080873149999,0.6371728565189632,0.8277491553746462,0.8661883600459122,0.15235143113721003,0.4909239374182588,0.18474149924481123,0.6454360316113131,0.46914834443752595,0.48325170014454116,0.9332051334137103,0.490923937418259,0.18497870819749967,0.645314804325777,0.4743562643827766,0.48255231168679485,0.3397307371775714
0.4909239374182614,0.19162666471120324,0.6415219380467837,0.47354122529087755,0.40267797249032417,0.9582977202793135,0.49092393741826146,0.19191503917316638,0.6385494060534499,0.47322338638828393,0.4000794934362288,0.15257969769859087,0.49092393741826135,0.1860238696867573,0.6374362321223478,0.8276588021679487,0.8672834356348406,0.2969791039342214,0.4909239374182614,0.18707692453290387,0.6382677653998097,0.8277751913004291,0.8365045065147588,0.5802042571112086,0.49092393727983075,0.08371989080839108,0.6438925834263688,0.47350981111315515,0.4025302424814963,0.4951503999188989,0.4909239374182614,0.18593060992261365,0.6373884542471333,0.8270889903342099,0.8672508322821829,0.23899838634276924,0.4909239374182614,0.18611517756033313,0.6374866240094036,0.8280661064931556,0.8671677734353629,0.8600638316066371
0.4909239374182614,0.19123131636929477,0.6405167361365885,0.8279250782930021,0.8353311601026665,0.15322689985564775,0.49092393741826146,0.1914507744582694,0.6428354737114444,0.8278688860517465,0.8335511926049639,0.4957587378527993,0.49092393741826146,0.18692674265320244,0.6436911429049539,0.4737064747907538,0.3997407846876237,0.8005139219294779,0.4909239374182614,0.18774170924324426,0.6430526161730011,0.4734531309976188,0.47497018600012375,0.9338856540149392,0.49092393741332546,0.09469956986856064,0.6386322235360431,0.8279195543137873,0.8352312218758868,0.9584598249035666,0.4909239374182614,0.18685443628816867,0.6437277140837676,0.47494548356753064,0.3998239546684578,0.6973572321318788,0.4909239374182614,0.1869975148697722,0.6436525570741576,0.4728195034675698,0.4000358014381341,0.46146144931241073
0.4909239374182614,0.1909301155610629,0.6413063565298474,0.473126739991101,0.4777078590706596,0.4974813805238018,0.49092393741826146,0.19109735995302507,0.6394764260527019,0.4732491206100597,0.48184265507951196,0.9584810292424979,0.49092393741826146,0.1876256498170512,0.6387935730012009,0.827954028417007,0.8333157208752249,0.6122886996501904,0.4909239374182614,0.18825478103935483,0.6393035251716784,0.8279095709010319,0.866049257361019,0.23673592789411727,0.4909239374180855,0.10583561246839111,0.6427715380952249,0.4731387715494071,0.47794059482306267,0.15265709694975507,0.4909239374182614,0.18756975214262142,0.6387642970776903,0.8281653126762389,0.8333736148016438,0.8092083813199694,0.4909239374182614,0.18768034899119124,0.6388244536148349,0.8277965136400002,0.8335208625115341,0.9528553699012132
0.4909239374182614,0.1907003831648676,0.6406865568905841,0.827851666444257,0.866499178646482,0.9585256779667625,0.49092393741826146,0.19082797175094518,0.6421176287782642,0.8278734606906432,0.8670800224656652,0.1525825481212173,0.49092393741826146,0.18816528657183498,0.6426468655693842,0.4730636815688341,0.48238799868210985,0.9102055228165393,0.4909239374182614,0.18865001683291893,0.6422518790367358,0.47316051550749527,0.40288397894293704,0.6928093750544361,0.4909239374182552,0.11682621075046115,0.6395272850867196,0.8278538135027413,0.8665350265817073,0.4959649187057485,0.4909239374182614,0.1881221715062527,0.6426694974444199,0.47260329901382914,0.4822539542462425,0.5919628163523555,0.4909239374182614,0.18820746974046695,0.6426229880079568,0.4734067089885766,0.4819129200347631,0.17223998589336023
0.4909239374182614,0.19052501070315292,0.6411733516566509,0.4732866188530923,0.40173934883949497,0.15242556378192232,0.49092393741826146,0.1906224250027574,0.6400461446753032,0.4732391583259158,0.40025956370553456,0.49576633179745194,0.49092393741826146,0.18858112314819953,0.6396263931792443,0.8278403978026739,0.8671477668817258,0.3133746452666143,0.4909239374182614,0.1889540365636041,0.6399398149863744,0.8278576913216985,0.8354702688230498,0.8160118700215239,0.4909239374182612,0.12737305240808916,0.6420781071823203,0.47328194342304797,0.40164808879738984,0.9584875720116736,0.4909239374182614,0.18854792570607357,0.6396084084624941,0.8277573263940219,0.8671313069003606,0.9261235586944354,0.4909239374182614,0.18861359861279514,0.6396453647039934,0.8279013784158366,0.8670888669448702,0.5466548273425245
0.4909239374182614,0.19039104766914988,0.6407912001349033,0.8278801186840319,0.8346936102331494,0.4953480096792436,0.49092393741826146,0.1904654696116551,0.6416740878674839,0.8278716902689629,0.8336760537777967,0.9584812760045243,0.49092393741826146,0.18890107053677826,0.6420010507568635,0.4733111569212692,0.4000868222400479,0.82500855990082,0.4909239374182614,0.1891876294536415,0.6417570055553347,0.4732734990150447,0.47738378773952767,0.5756533606526862,0.4909239374182614,0.13721363546252996,0.6400774276769691,0.8278792890485854,0.8346312964374268,0.15255954478502445,0.4909239374182614,0.188875543888534,0.6420150379165531,0.4734920233185365,0.400128796473039,0.2623310283324574,0.4909239374182614,0.18892603939892572,0.6419862941794013,0.47317835831557425,0.4002370129799248,0.950204200711758
0.4909239374182614,0.19028866519787452,0.6410913142989304,0.47322465882996567,0.4791913923668598,0.9584670240243345,0.49092393741826146,0.19034554831687586,0.6403967268135277,0.47324301382569545,0.4815533250837032,0.15258168055112192,0.49092393741826146,0.18914694953920072,0.6401383960516083,0.8278844704806498,0.8335562788124202,0.5535412914774402,0.4909239374182614,0.18936695500430345,0.6403312705723929,0.827877790255881,0.8664486357623074,0.9366052209439782,0.4909239374182614,0.14614758329966923,0.6416496808641499,0.4732264655909536,0.47933624068957553,0.4957050457527766,0.4909239374182614,0.18912734163313574,0.6401273316262857,0.827916423539059,0.8335854018439326,0.7419693079734749,0.4909239374182614,0.1891661274338942,0.6401500679370364,0.827860871063547,0.8336604293849085,0.18141968838967376
0.4909239374182614,0.19021038858788333,0.6408556949150862,0.8278691123504631,0.8667212407192043,0.15263178713820083,0.49092393741826146,0.1902538818224609,0.6414002518454528,0.8278723755173729,0.8670432422288628,0.49576402046985274,0.49092393741826146,0.18933573536822185,0.6416020976625405,0.4732151815125289,0.4818308713666021,0.9475586142959825,0.4909239374182614,0.18950452896984807,0.6414514310081129,0.4732297296156329,0.401868003449674,0.2276590031006683,0.4909239374182614,0.15405136275264164,0.6404159867059526,0.8278694336572773,0.8667421031337764,0.9584792719236405,0.4909239374182614,0.1893206859005599,0.6416107345098484,0.47314559047470356,0.48176339573894056,0.7340608644023433,0.4909239374182614,0.1893504538751312,0.6415929858951162,0.4732665746777268,0.4815895360652962,0.5694039484150722
0.4909239374182614,0.19015052467816468,0.641040721824459,0.47324862779801097,0.40117388971228046,0.4958975019386666,0.49092393741826146,0.1901837890371863,0.6406126242406041,0.47324152154238736,0.40035333626858055,0.9584812009457244,0.49092393741826146,0.18948058377344326,0.6404535257053154,0.8278674265888281,0.8670785358535372,0.19052633173146327,0.4909239374182614,0.18961001836892377,0.6405723053726666,0.8278700140628026,0.8347813593707063,0.6741688483940866,0.4909239374182614,0.16087947260737578,0.6413851883066771,0.47324792808568406,0.4011207480342685,0.1525887265190003,0.4909239374182614,0.18946904009962093,0.640446712922328,0.8278550299283275,0.8670700046758071,0.7484953151718946,0.4909239374182614,0.18949187304338386,0.6404607126569447,0.8278765609061581,0.8670478772764215,0.9400810111332109
0.4909239374182614,0.19010473211251605,0.6408954501854085,0.8278733731273166,0.8343065746009198,0.9584854685339258,0.49092393741826146,0.19013017859172465,0.6412312760010962,0.8278721103015338,0.833740986725956,0.15258194444416615,0.49092393741826146,0.18959166095463006,0.6413558223821189,0.47325229888288656,0.4002633540599085,0.5913335157277555,0.4909239374182614,0.18969087420962777,0.6412628519751578,0.4732466641303578,0.4789873739002318,0.8422403568054136,0.4909239374182614,0.1666541272237208,0.6406244884947525,0.8278732487989754,0.8342700869427591,0.49578279174297235,0.4909239374182614,0.18958281057356452,0.6413611524538031,0.47327929452365974,0.4002851053593765,0.7217884503621056,0.4909239374182614,0.18960031596941207,0.6413501992943704,0.4732324068445316,0.40034151956223124,0.2159755154963758
0.4909239374182614,0.19006969737059606,0.6410095245404107,0.4732393490156574,0.48009061963085864,0.15256694031415918,0.49092393741826146,0.19008916647190816,0.6407456395466354,0.47324209911019693,0.48140281877973257,0.4957647235182975,0.49092393741826146,0.18967680553657634,0.6406476138744053,0.8278740253705176,0.8336786795986983,0.9265658278988141,0.4909239374182614,0.18975283024402484,0.6407207954867178,0.8278730242049089,0.8666916088807167,0.5094560516656127,0.4909239374182614,0.17144801317767905,0.6412219827117631,0.47323961976977924,0.48017534032025094,0.9584818093454485,0.4909239374182614,0.1896700225238574,0.6406434168516728,0.8278788189480699,0.8336937461856101,0.7699452544950884,0.4909239374182614,0.18968343863175643,0.6406520414532773,0.827870490072079,0.8337328075937198,0.6492454395226359
0.4909239374182614,0.19004288967362087,0.640919957721849,0.8278717241630876,0.8668483999974721,0.49572474954294976,0.49092393741826146,0.19005778731084433,0.6411270400148646,0.8278722129514453,0.867023879651859,0.9584812237810822,0.49092393741826146,0.18974205124036092,0.6412038663110922,0.4732379286014336,0.4815472393334698,0.260885081513037,0.4909239374182614,0.1898002933213036,0.6411465162750187,0.473240108875773,0.4012493640638878,0.9582071576717816,0.4909239374182614,0.17536515926857768,0.6407529504734192,0.8278717722878309,0.866860090804299,0.1525798054205075,0.4909239374182614,0.18973685412083632,0.6412071544760174,0.4732274893630116,0.4815123192383435,0.6791501573246963,0.4909239374182614,0.1897471333837573,0.6412003974101933,0.47324562751819044,0.481421778578671,0.8731462576887759
0.4909239374182614,0.19002237505640018,0.6409902882742505,0.47324294001365064,0.4008499369540686,0.9584799193877989,0.49092393741826146,0.1900337757073908,0.6408276132676655,0.47324187556672376,0.40040269809370244,0.15258186415921937,0.49092393741826146,0.1897920364582388,0.6407672010601836,0.8278714716859351,0.8670424623518385,0.739325994583386,0.4909239374182614,0.18983664726992838,0.6408123012596297,0.827871859221932,0.834358362405197,0.15354514256423454,0.4909239374182614,0.17852378581626419,0.6411213080298674,0.47324283521123484,0.40082014765341095,0.4957590248409442,0.4909239374182614,0.18978805529166395,0.6407646146844345,0.8278696157109928,0.8670379824368053,0.8354921988587033,0.4909239374182614,0.18979592948478063,0.640769929532356,0.8278728399998604,0.8670263274843033,0.42468316338362627
0.4909239374182614,0.19000667502637417,0.6409350663830998,0.8278723623994855,0.8340838404115121,0.15258645016131933,0.49092393741826146,0.19001540018036422,0.6410627531222803,0.827872173221797,0.8337751428564745,0.49576450962788515,0.49092393741826146,0.18983032339408495,0.6411101342883451,0.4732434898389914,0.40035532449193545,0.738938788539788,0.4909239374182614,0.1898644885123912,0.6410747642210617,0.4732426458927044,0.479970357657231,0.4983272615709844,0.4909239374182614,0.18104318246504755,0.6408321192848149,0.8278723437739226,0.8340633221381021,0.9584810385760967,0.4909239374182614,0.1898272741852561,0.641112162323539,0.4732475316255995,0.40036674553345764,0.526991559588888,0.4909239374182614,0.1898333050578813,0.6411079947917716,0.47324051002500456,0.4003964578761526,0.9368000178589652
0.4909239374182614,0.18999465894343218,0.6409784276335143,0.47324155010958174,0.4806076420523269,0.4957767273045351,0.49092393741826146,0.19000133685126808,0.6408781398730882,0.4732419620870559,0.48132363746528833,0.9584812168342182,0.49092393741826146,0.18985964568115776,0.640840902639134,0.8278724601136567,0.8337423628129015,0.7396488325906512,0.4909239374182614,0.18988580819292714,0.6408687014386016,0.8278723101279083,0.8668317191527842,0.958539271701921,0.4909239374182614,0.18303505418247518,0.6410592182478628,0.47324159067099464,0.48065525282385557,0.15258251530600173,0.4909239374182614,0.1898573105583245,0.6408393085111138,0.8278731783525466,0.8337502669996388,0.9557566154869611,0.4909239374182614,0.18986192905494872,0.6408425843560406,0.8278719305213397,0.8337708258451985,0.22700666517237486
0.4909239374182614,0.1899854619734971,0.6409443810100082,0.8278721153787734,0.8669189689084202,0.9584816130851078,0.49092393741826146,0.1899905732103858,0.6410231096008688,0.8278721885988114,0.8670136298452772,0.15258188858312494,0.49092393741826146,0.18988209988907248,0.6410523275684951,0.47324133731464085,0.4813996288685597,0.7383459012908621,0.4909239374182614,0.1899021326351899,0.6410305161414719,0.473241663942862,0.4008924397077304,0.152377765348575,0.4909239374182614,0.18459876394521207,0.640880917457625,0.8278721225877326,0.8669253739899123,0.495766244373251,0.4909239374182614,0.1898803117934743,0.6410535782188757,0.47323977318335425,0.48138130589541944,0.1621326263059506,0.4909239374182614,0.18988384834537045,0.6410510081861602,0.4732424906221928,0.4813336456805737,0.6728048613894076
0.4909239374182614,0.18997842247897817,0.6409711148071425,0.4732420880533575,0.40067010614922066,0.15258049543676486,0.49092393741826146,0.1899823347197941,0.640909286421938,0.47324192860011594,0.4004288272990173,0.4957645746966168,0.49092393741826146,0.18989929327400873,0.6408863317198928,0.8278720775586579,0.8670234675683531,0.7407338191955716,0.4909239374182614,0.18991463147358095,0.6409034680231864,0.8278721356102763,0.8341131047857415,0.4952206018521861,0.4909239374182614,0.1858194834343157,0.6410209298766087,0.47324207235421517,0.4006537823633744,0.9584812731662279,0.4909239374182614,0.18989792415906545,0.6408853490571639,0.8278717995558568,0.8670210991758115,0.5208593444262487,0.4909239374182614,0.1899006320301682,0.6408873683773426,0.8278722825327886,0.8670149277859107,0.8440549595566154
0.4909239374182614,0.18997303420641495,0.6409501236691956,0.8278722109863574,0.8339598828502915,0.4957608631507748,0.49092393741826146,0.1899760287859425,0.6409986647197677,0.8278721826472779,0.8337932162238644,0.9584812189475973,0.49092393741826146,0.1899124575588863,0.6410166808819238,0.47324217041522393,0.40040374860707095,0.7363474827306592,0.4909239374182614,0.18992420078679317,0.6410032316093631,0.4732420439946743,0.48053973169650965,0.9584624167241942,0.4909239374182614,0.18676824941648668,0.6409109987022789,0.8278722081962098,0.8339486197275177,0.15258169053005488,0.4909239374182614,0.18991140930926237,0.6410174520662837,0.4732427758289896,0.40040978626343704,0.9568816926114607,0.4909239374182614,0.18991348256012552,0.6410158673171903,0.4732417240375212,0.4004255185786592,0.5046811177773978
0.4909239374182614,0.18996890975357628,0.6409666060583507,0.47324187984614907,0.480895229674045,0.9584810983477214,0.49092393741826146,0.18997120196310527,0.6409284875593799,0.4732419415609314,0.48128173620369047,0.15258188115286983,0.49092393741826146,0.18992253643018425,0.6409143364199749,0.827872225624184,0.8337758695798679,0.7443710796114622,0.4909239374182614,0.18993152694735826,0.640924900579605,0.8278722031559751,0.8669098056767969,0.15264798498120125,0.4909239374182614,0.18750310704137563,0.6409973207066519,0.4732418859223296,0.4809213553820458,0.4957640470551532,0.4909239374182614,0.18992173388247702,0.6409137306381051,0.8278723332204334,0.8337800461568838,0.1581957139029614,0.4909239374182614,0.18992332117613187,0.6409149754889469,0.8278721462908201,0.8337909278700427,0.958465981698209
0.4909239374182614,0.18996575264301782,0.6409536641774408,0.8278721739823683,0.8669574184177274,0.15258230515995358,0.49092393741826146,0.18996750724673703,0.6409835923151974,0.8278721849507655,0.8670081882207089,0.495764554901369,0.49092393741826146,0.1899302527505523,0.6409947007987794,0.4732418479689548,0.48132195267489436,0.7295822176285818,0.4909239374182614,0.18993713562221254,0.6409864081590895,0.4732418968985857,0.40069345877285145,0.4959406480730981,0.4909239374182614,0.18807075663969386,0.6409295431677351,0.8278721750622724,0.8669608828742369,0.958481201809297,0.4909239374182614,0.1899296383342742,0.6409951763057632,0.4732416136536244,0.48131226988693826,0.5105997622078311,0.4909239374182614,0.18993085353658148,0.6409941991609509,0.47324202073536825,0.4812870416444139,0.15263545164888262
0.4909239374182614,0.18996333596751722,0.6409638261984558,0.473241960430739,0.40057211068054105,0.4957656845153793,0.49092393741826146,0.18996467906822084,0.6409403250789972,0.47324193654456415,0.40044269900332485,0.9584812183046675,0.49092393741826146,0.18993616014729925,0.6409316008543249,0.827872168316913,0.8670134112805697,0.7564570069081487,0.4909239374182614,0.18994142935522765,0.6409381136761431,0.8278721770130533,0.8339759925286888,0.9584868187561857,0.4909239374182614,0.1885083316402153,0.6409827636299282,0.4732419580790028,0.4005632803876338,0.15258194140800288,0.4909239374182614,0.18993568977295194,0.640931227391993,0.8278721266724187,0.8670121547683335,0.9581192086167292,0.4909239374182614,0.18993662008593146,0.6409319948384101,0.8278721990221819,0.8670088779008995,0.49590726325830187
0.4909239374182614,0.1899614860566998,0.6409558470141646,0.8278721883044393,0.8338922399194004,0.9584812549886068,0.49092393741826146,0.18996251417190257,0.6409742991400085,0.8278721840592216,0.8338028092464264,0.15258188341329368,0.49092393741826146,0.18994068258390354,0.6409811482643509,0.47324197276855384,0.4004293844647184,0.7063739129926963,0.4909239374182614,0.1899447163792202,0.6409760352854712,0.4732419538307347,0.4808578604638378,0.15256219312828131,0.4909239374182614,0.18884509509963956,0.6409409758726327,0.8278721878864724,0.8338861413932778,0.4957647154295316,0.4909239374182614,0.18994032248966802,0.6409814414488442,0.4732420634588853,0.40043258756242944,0.15385414088806704,0.4909239374182614,0.18994103468856788,0.640980838968529,0.47324190590085946,0.40044094089274307,0.9584857752557638
0.4909239374182614,0.18996006998177417,0.6409621122910051,0.473241929241178,0.4810521195811239,0.15258175443925726,0.49092393741826146,0.18996085698732879,0.6409476230942202,0.4732419384861035,0.4812594948361665,0.495764560923457,0.49092393741826146,0.1899441446992367,0.6409422444610381,0.8278721904972002,0.8337936015593937,0.7952506859719496,0.4909239374182614,0.18994723269651526,0.640946259719898,0.8278721871314408,0.8669524547517365,0.49571210173962815,0.4909239374182614,0.18910395075563463,0.6409737882046589,0.47324193015139576,0.4810662628410112,0.9584812235183768,0.4909239374182614,0.18994386903381222,0.6409420142167456,0.8278722066152768,0.8337958167783922,0.49914782814702746,0.4909239374182614,0.1899444142480401,0.640942487357396,0.8278721786130029,0.8338015934932558,0.15256586192583435
0.4909239374182614,0.18995898599505548,0.6409571928087854,0.8278721827612121,0.8669781518975831,0.49576421731836384,0.49092393741826146,0.189959588438061,0.6409685693637985,0.8278721844042857,0.8670052948287811,0.9584812185002591,0.49092393741826146,0.1899467950599376,0.6409727922344489,0.4732419244659433,0.4812808428178084,0.6243114077549661,0.4909239374182614,0.18994915899625842,0.6409696397910286,0.47324193179564855,0.4005847620505712,0.958479504124688,0.4909239374182614,0.1893027316835606,0.6409480243224578,0.8278721829229825,0.8669800125716962,0.15258186508284363,0.4909239374182614,0.18994658403026843,0.6409729730001725,0.47324188936517025,0.4812757068961573,0.9585472156159727,0.4909239374182614,0.18994700140697915,0.6409726015352176,0.47324195034648114,0.4812623135882564,0.49572187643627674
0.4909239374182614,0.18995815621414308,0.6409610555943345,0.47324194131281383,0.40051926342801203,0.9584812073398425,0.49092393741826146,0.18995861737855255,0.6409521224999845,0.4732419377346482,0.40045007470905514,0.15258188272562914,0.49092393741826146,0.18994882397634544,0.6409488064355697,0.8278721819125233,0.8670080720658756,0.8992988570749662,0.4909239374182614,0.18995063361320116,0.640951281942399,0.8278721832152106,0.833900976478545,0.15258791014578213,0.4909239374182614,0.18945526761023718,0.6409682543451624,0.47324194096052213,0.40051452063796694,0.4957645120885506,0.4909239374182614,0.1899486624285705,0.6409486644847037,0.8278721756741594,0.8670074042041905,0.15234983221912565,0.4909239374182614,0.18994898193936136,0.6409489561867772,0.8278721865121951,0.867005661711948,0.9584798251632695
0.4909239374182614,0.18995752102325394,0.6409580225401219,0.8278721849066684,0.8338557335781469,0.15258192196361522,0.49092393741826146,0.1899578740412627,0.6409650366680896,0.8278721842707316,0.8338079093956348,0.4957645590914217,0.49092393741826146,0.18995037715011756,0.6409676402776143,0.4732419431610264,0.40044299510116865,0.34722677286443887,0.4909239374182614,0.18995176245268197,0.640965696638066,0.47324194032412903,0.48103185793608866,0.4957806168498253,0.4909239374182614,0.1895722509588462,0.6409523698685076,0.8278721848440566,0.8338524563587382,0.9584812169141391,0.4909239374182614,0.18995025348262176,0.640967751729036,0.47324195674648006,0.4004446975890296,0.4951461373401277,0.4909239374182614,0.1899504980733587,0.6409675227017044,0.47324193314419677,0.4004491394700588,0.1525867814365843
0.4909239374182614,0.1899570347883782,0.6409604040973724,0.4732419366405958,0.4811367785873363,0.4957646636269468,0.49092393741826146,0.1899573050217028,0.6409548965191897,0.4732419380254924,0.48124766990936974,0.9584812184407564,0.49092393741826146,0.18995156612706207,0.6409528520637316,0.8278721852351458,0.8338030139992912,0.8690610797328417,0.4909239374182614,0.18995262659114837,0.6409543782886694,0.8278721847309524,0.8669754838734535,0.958481738992921,0.4909239374182614,0.18966192928586179,0.640964842444123,0.47324193677694715,0.48114437807824323,0.15258188830213743,0.4909239374182614,0.189951471458027,0.6409527645468981,0.8278721876496472,0.8338041912647643,0.9584596663142515,0.4909239374182614,0.1899516586952989,0.6409529443897231,0.8278721834548841,0.8338072627179727,0.4957776098565571
0.4909239374182614,0.18995666257777816,0.6409585341005201,0.8278721840762889,0.8669892688251868,0.9584812218359295,0.49092393741826146,0.18995686944023898,0.6409628585985612,0.8278721843224226,0.867003755118454,0.15258188293482988,0.49092393741826146,0.1899524763020525,0.6409644638425519,0.47324193592526154,0.48125902011086225,0.4363086458648142,0.4909239374182614,0.18995328809608492,0.6409632654995425,0.47324193702325723,0.4005260640816651,0.1525800527674458,0.4909239374182614,0.18973065296286906,0.6409550490298884,0.8278721841005222,0.8669902643111586,0.49576457394802637,0.4909239374182614,0.18995240383198783,0.6409645325575773,0.47324193066713655,0.4812562905819387,0.1526576544947111,0.4909239374182614,0.1899525471639143,0.640964391351505,0.4732419398021856,0.4812491692708028,0.9584816416642253
0.4909239374182614,0.18995637765185144,0.6409600024232205,0.47324193844893553,0.4004909264300719,0.15258187099802112,0.49092393741826146,0.18995653600439183,0.640956606795085,0.47324193791292357,0.400453999646284,0.495764559648762,0.49092393741826146,0.1899531730487074,0.6409553463190123,0.8278721839491546,0.8670052330340496,0.9429962280221883,0.4909239374182614,0.189953794482181,0.6409562872880358,0.8278721841442982,0.8338604324876265,0.49575968381179175,0.4909239374182614,0.18978330491095866,0.6409627388508848,0.4732419383961621,0.4004883888989786,0.9584812189232841,0.4909239374182614,0.18995311757233477,0.6409552923620063,0.8278721830146436,0.8670048777023981,0.495966403761407,0.4909239374182614,0.18995322729397626,0.6409554032410301,0.8278721846381888,0.8670039504023749,0.1525803949577173
0.4909239374182614,0.18995615954180908,0.6409588494969586,0.8278721843976798,0.8338361506804776,0.4957645278474187,0.49092393741826146,0.18995628076028417,0.6409615157242722,0.827872184302416,0.833810623255175,0.9584812184588584,0.49092393741826146,0.18995370641278375,0.6409625054263519,0.4732419387257993,0.40045023223279586,0.20610489793579823,0.4909239374182614,0.18995418212312087,0.6409617665960289,0.4732419383008299,0.48112588223223274,0.9584810600051483,0.4909239374182614,0.1898236357776764,0.6409567008232566,0.8278721843883006,0.8338343967924371,0.15258188123835068,0.4909239374182614,0.18995366394530516,0.6409625477921796,0.47324194076090925,0.40045113802424165,0.9584876179547266,0.4909239374182614,0.1899537479378381,0.6409624607324462,0.47324193722527097,0.40045350184113576,0.4957605954593078
0.4909239374182614,0.1899559925790138,0.6409597547751049,0.47324193774903384,0.4811821879420266,0.9584812174259769,0.49092393741826146,0.18995608537152528,0.6409576612411504,0.47324193795649233,0.4812413776295368,0.15258188287118668,0.49092393741826146,0.18995411470562829,0.6409568841124459,0.8278721844468858,0.8338080183159489,0.6273735400133627,0.4909239374182614,0.18995447886365696,0.6409574642534545,0.8278721843713573,0.8669878407706226,0.15258243996539742,0.4909239374182614,0.18985452418956936,0.6409614418947674,0.4732419377694593,0.4811862547752598,0.49576455512910195,0.4909239374182614,0.1899540821965886,0.6409568508460498,0.8278721848085802,0.8338086446251101,0.1525593832553938,0.4909239374182614,0.18995414649323372,0.640956919206879,0.8278721841802015,0.8338102790585887,0.9584810896454938
0.4909239374182614,0.18995586476925314,0.640959043950979,0.8278721842732885,0.8669952112051005,0.15258188650260923,0.49092393741826146,0.18995593580178513,0.6409606877862764,0.8278721843101594,0.867002935411917,0.4957645594792075,0.49092393741826146,0.18995442725535014,0.640961297978714,0.4732419376418766,0.4812474173707208,0.8963438675175771,0.4909239374182614,0.18995470601935577,0.6409608424590468,0.47324193780635704,0.40049456658271787,0.495766043655595,0.4909239374182614,0.18987817814347,0.6409577192129503,0.8278721842769187,0.8669957427021192,0.958481218312064,0.4909239374182614,0.189954402369572,0.640961324099027,0.4732419368542051,0.4812459652316513,0.4957046153872807,0.4909239374182614,0.18995445158886548,0.6409612704230451,0.4732419382226423,0.4812421756770751,0.1525823357553883
0.4909239374182614,0.18995576693103314,0.640959602090252,0.4732419380199243,0.4004757789786195,0.49576456915382955,0.49092393741826146,0.18995582130635696,0.6409583113461133,0.47324193793962943,0.4004560891863132,0.9584812184533512,0.49092393741826146,0.18995466651307016,0.6409578322174495,0.8278721842542436,0.8670037222250899,0.35624142161149264,0.4909239374182614,0.18995487990752277,0.6409581898958403,0.8278721842834762,0.8338386665992121,0.9584812666495475,0.4909239374182614,0.18989629044855333,0.6409606422673572,0.4732419380120187,0.4004744241516958,0.1525818833872888,0.4909239374182614,0.18995464746294355,0.6409578117074953,0.8278721841142531,0.867003533074201,0.9584792577486587,0.4909239374182614,0.18995468514043673,0.6409578538544566,0.8278721843574615,0.8670030393902234,0.49576576602583133
0.4909239374182614,0.1899556920359647,0.6409591638393992,0.827872184321433,0.8338256804177506,0.9584812187675736,0.49092393741826146,0.18995573366022855,0.6409601773288219,0.8278721843071624,0.8338120680035891,0.15258188289054883,0.49092393741826146,0.18995484966538692,0.6409605535372196,0.47324193806139886,0.4004540834958953,0.8793103950438966,0.4909239374182614,0.18995501301919565,0.640960272690828,0.47324193799773817,0.4811763541104939,0.1525817134415157,0.4909239374182614,0.1899101584685423,0.6409583470879004,0.8278721843200278,0.8338247438529413,0.4957645608541764,0.4909239374182614,0.1899548350824778,0.6409605696414603,0.47324193836625983,0.40045456566681903,0.15258877635543505,0.4909239374182614,0.18995486392467148,0.640960536548024,0.4732419378366185,0.4004558241321605,0.9584812576352603
0.4909239374182614,0.18995563470384194,0.6409595079540332,0.47324193791507874,0.48120646557865315,0.15258188178580018,0.49092393741826146,0.18995566656718868,0.6409587121603659,0.47324193794615615,0.48123802785487024,0.495764559530791,0.49092393741826146,0.18995498986879716,0.6409584167594179,0.8278721843288042,0.8338106812310029,0.4068991999522819,0.4909239374182614,0.18995511491634595,0.6409586372816575,0.8278721843174899,0.8669944485773607,0.4957641080945492,0.4909239374182614,0.18992077622596987,0.6409601492645751,0.47324193791813873,0.48120863717570345,0.958481218498009,0.4909239374182614,0.1899549787055584,0.6409584041142601,0.8278721843829862,0.8338110146157216,0.495782924511641,0.4909239374182614,0.18995500078430028,0.6409584300994469,0.8278721842888546,0.8338118847416978,0.1525817451341063
0.4909239374182614,0.18995559081613253,0.6409592377552623,0.8278721843027991,0.8669983823608046,0.4957645565875846,0.49092393741826146,0.1899556152075085,0.6409598626113571,0.8278721843083224,0.8670024989186157,0.9584812184550267,0.49092393741826146,0.18995509719469042,0.6409600945588779,0.4732419378990263,0.48124124320782413,0.9253160785590465,0.4909239374182614,0.189955192918711,0.6409599214058345,0.4732419379236657,0.4004777229721631,0.9584812037920243,0.4909239374182614,0.1899289051673714,0.6409587341965386,0.8278721843033429,0.866998665816305,0.15258188273354004,0.4909239374182614,0.18995508864921834,0.6409601044877892,0.4732419377810327,0.4812404702275536,0.9584818136390189,0.4909239374182614,0.18995510555052023,0.6409600840843565,0.4732419379860256,0.48123845276428345,0.4957641925281194
0.4909239374182614,0.18995555722010887,0.6409594499153617,0.4732419379556583,0.4004676954288969,0.9584812183594342,0.49092393741826146,0.18995557589169784,0.6409589592776823,0.4732419379436299,0.4004572018633792,0.1525818828846583,0.49092393741826146,0.18995517935276876,0.6409587771516853,0.8278721842999461,0.8670029178975601,0.26496711979230403,0.4909239374182614,0.189955252629578,0.6409589131120833,0.8278721843043253,0.8338270242394129,0.15258193443709597,0.4909239374182614,0.18993512848630473,0.6409598453086319,0.473241937954474,0.4004669728729489,0.49576455911249745,0.4909239374182614,0.1899551728112024,0.640958769355463,0.8278721842789756,0.8670028171803507,0.1525797903250786,0.4909239374182614,0.1899551857491636,0.6409587853763222,0.8278721843154083,0.8670025542908687,0.9584812065346116
0.4909239374182614,0.18995553150236327,0.6409592833272668,0.8278721843100112,0.8338200922322808,0.15258188322074379,0.49092393741826146,0.18995554579545912,0.6409596685755571,0.8278721843078733,0.8338128373176714,0.49576455951509774,0.49092393741826146,0.18995524224484045,0.6409598115803946,0.4732419379618712,0.4004561338326669,0.7467470482874121,0.4909239374182614,0.1899552983382798,0.6409597048246773,0.47324193795233455,0.48120334967135436,0.495764696858055,0.4909239374182614,0.18993989279697002,0.64095897286383,0.8278721843098006,0.833819592704794,0.9584812184414409,0.4909239374182614,0.189955237237267,0.6409598177019629,0.4732419380075393,0.40045639057377774,0.4957589846243505,0.4909239374182614,0.18995524714128487,0.640959805122436,0.47324193792819874,0.4004570607125211,0.1525819247946603
0.4909239374182614,0.18995551181543513,0.6409594141322481,0.47324193793995223,0.48121942271991336,0.495764560410477,0.49092393741826146,0.18995552275679678,0.6409591116350345,0.47324193794460784,0.48123624412744426,0.9584812184545171,0.49092393741826146,0.18995529038875808,0.6409589993473306,0.8278721843111153,0.8338120988726112,0.7251081613938297,0.4909239374182614,0.18995533332831047,0.6409590831721586,0.8278721843094204,0.8669979755886021,0.9584812229152136,0.4909239374182614,0.18994354008777764,0.6409596579077436,0.47324193794041086,0.48122058094725345,0.15258188293242347,0.4909239374182614,0.18995528655545804,0.6409589945406595,0.8278721843192318,0.8338122763862121,0.958481037268187,0.4909239374182614,0.18995529413698875,0.6409590044181359,0.8278721843051309,0.8338127397252824,0.4957646711692494
0.4909239374182614,0.18995549674509526,0.6409593114241826,0.8278721843072199,0.867000073152842,0.958481218483598,0.49092393741826146,0.1899555051207057,0.6409595489448369,0.8278721843080472,0.8670022664577264,0.15258188288644994,0.49092393741826146,0.18995532724294859,0.6409596371129536,0.47324193793754776,0.4812379562822034,0.7642569595568273,0.4909239374182614,0.1899553601131903,0.640959571293846,0.4732419379412387,0.40046873233027147,0.15258186720345526,0.4909239374182614,0.1899463322125417,0.6409591200114199,0.8278721843073011,0.8670002242344618,0.495764559642351,0.4909239374182614,0.1899553243085559,0.640959640887142,0.47324193791987224,0.4812375447004655,0.15258251990437147,0.4909239374182614,0.18995533011222057,0.6409596331313672,0.4732419379505802,0.48123647040485173,0.9584812220808903
0.4909239374182614,0.1899554852087522,0.6409593920705591,0.473241937946031,0.40046338542544274,0.15258188278420656,0.49092393741826146,0.1899554916202809,0.6409592055692441,0.47324193794422925,0.40045779443527846,0.495764559519871,0.49092393741826146,0.18995535545484404,0.6409591363395227,0.8278721843067924,0.8670024895914694,0.6908011399069108,0.4909239374182614,0.18995538061702252,0.6409591880207768,0.8278721843074484,0.8338208090711099,0.49576451773815955,0.4909239374182614,0.1899484696565116,0.6409595423677102,0.47324193794585395,0.4004630003018305,0.9584812184586501,0.4909239374182614,0.18995535320856557,0.6409591333760241,0.827872184303651,0.8670024359546177,0.4957662566239345,0.4909239374182614,0.18995535765127258,0.6409591394658705,0.8278721843091086,0.8670022959481237,0.15258187013678395
0.4909239374182614,0.1899554763776828,0.6409593287470265,0.8278721843083,0.8338171125266963,0.4957645592474802,0.49092393741826146,0.18995548128570738,0.6409594751877989,0.8278721843079799,0.8338132470232509,0.958481218454672,0.49092393741826146,0.1899553770510574,0.6409595295469046,0.4732419379469618,0.4004572256394496,0.8189656614741987,0.4909239374182614,0.18995539631270997,0.6409594889668399,0.4732419379455334,0.4812177606215005,0.9584812170976349,0.4909239374182614,0.18995010591233538,0.6409592107336108,0.8278721843082687,0.8338168462665746,0.15258188287191896,0.4909239374182614,0.18995537533153073,0.6409595318738401,0.47324193795380304,0.4004573623665271,0.9584812735639596,0.4909239374182614,0.18995537873242394,0.6409595270921001,0.4732419379419179,0.40045771926058565,0.4957645255529613
0.4909239374182614,0.18995546961749993,0.6409593784686656,0.4732419379436787,0.4812263315762708,0.9584812184458251,0.49092393741826146,0.18995547337459237,0.6409592634833341,0.4732419379443757,0.4812352941846497,0.15258188288590502,0.49092393741826146,0.18995539358296307,0.6409592208005201,0.8278721843084655,0.8338128537565482,0.5684619688538134,0.4909239374182614,0.189955408327761,0.6409592526640215,0.8278721843082116,0.8669998563289363,0.15258188765699982,0.4909239374182614,0.1899513584910534,0.6409594711327425,0.4732419379437469,0.48122694893390533,0.4957645594811584,0.4909239374182614,0.1899553922666651,0.6409592189734081,0.8278721843096813,0.8338129482901594,0.15258168913170256,0.4909239374182614,0.18995539487004942,0.6409592227280351,0.827872184307569,0.83381319504743,0.9584812173514548
0.4909239374182614,0.18995546444258035,0.6409593394272355,0.827872184307882,0.8670009742206725,0.1525818829170092,0.49092393741826146,0.18995546731863439,0.6409594297136949,0.8278721843080058,0.8670021426492174,0.49576455951841925,0.49092393741826146,0.18995540623813936,0.6409594632282132,0.4732419379433182,0.4812362060123095,0.9405789467101726,0.4909239374182614,0.18995541752528391,0.6409594382090132,0.47324193794387115,0.40046393813307246,0.4957645722292888,0.4909239374182614,0.18995231735464482,0.640959266667367,0.8278721843078941,0.8670010547216398,0.9584812184534147,0.4909239374182614,0.1899554052305131,0.6409594646628601,0.47324193794067054,0.481235986826901,0.4957640433297433,0.4909239374182614,0.18995540722340418,0.64095946171473,0.4732419379452706,0.4812354146957813,0.15258188676461554
0.4909239374182614,0.18995546048117967,0.6409593700825669,0.47324193794458896,0.40046108850240936,0.4957645596012851,0.49092393741826146,0.1899554626827989,0.6409592991896249,0.4732419379443194,0.40045811003850934,0.9584812184546249,0.49092393741826146,0.18995541592567836,0.6409592728740083,0.8278721843078181,0.8670022614902029,0.21429417307654736,0.4909239374182614,0.1899554245659885,0.6409592925190972,0.8278721843079162,0.8338174946463657,0.9584812188674612,0.4909239374182614,0.1899530513732696,0.6409594272135939,0.47324193794456265,0.40046088329613405,0.15258188289032554,0.4909239374182614,0.18995541515434033,0.6409592717475227,0.8278721843073474,0.8670022329236982,0.9584812016882845,0.4909239374182614,0.18995541667989865,0.6409592740623963,0.827872184308165,0.8670021583560928,0.4957645698518512
0.4909239374182614,0.18995545744872758,0.640959346012001,0.8278721843080439,0.8338155245044094,0.9584812184573162,0.49092393741826146,0.18995545913406706,0.6409594016771304,0.8278721843079959,0.8338134652310583,0.1525818828860709,0.49092393741826146,0.18995542334149032,0.6409594223401421,0.47324193794472824,0.40045780709811346,0.6455726143273472,0.4909239374182614,0.1899554299556483,0.6409594069148264,0.4732419379445145,0.48122544558281927,0.15258188143461382,0.4909239374182614,0.18995361326953455,0.6409593011527052,0.827872184308039,0.833815382629288,0.49576455953019605,0.4909239374182614,0.189955422751031,0.6409594232246582,0.4732419379457532,0.4004578799176822,0.15258194183346044,0.4909239374182614,0.18995542391884598,0.6409594214070204,0.4732419379439727,0.40045806999974337,0.9584812187902446
0.4909239374182614,0.18995545512738563,0.6409593649122095,0.4732419379442365,0.48123001359870526,0.15258188287660882,0.49092393741826146,0.1899554564175129,0.6409593212039445,0.47324193794434094,0.481234788247851,0.49576455951886117,0.49092393741826146,0.18995542901829487,0.6409593049793413,0.8278721843080685,0.8338132557783378,0.8772979876373856,0.4909239374182614,0.18995543408143314,0.6409593170913042,0.8278721843080307,0.8670008586860426,0.4957645556519747,0.4909239374182614,0.18995404340405989,0.6409594001357204,0.4732419379442471,0.48123034255254354,0.9584812184550073,0.4909239374182614,0.18995542856629824,0.6409593042848191,0.8278721843082507,0.8338133061257811,0.49576471656301047,0.4909239374182614,0.18995542946026067,0.6409593057120289,0.8278721843079342,0.8338134375483277,0.15258188170609313
0.4909239374182614,0.18995545335039837,0.6409593500717659,0.8278721843079812,0.8670014543024888,0.4957645594936529,0.49092393741826146,0.1899554543379908,0.6409593843914924,0.8278721843079998,0.8670020767066036,0.9584812184546393,0.49092393741826146,0.18995543336388906,0.6409593971310468,0.4732419379441828,0.48123527388510456,0.4127371694097084,0.4909239374182614,0.1899554372397216,0.6409593876207367,0.4732419379442653,0.40046138301346346,0.9584812183290462,0.4909239374182614,0.18995437267375864,0.64095932241426,0.8278721843079829,0.8670014971886709,0.1525818828847262,0.4909239374182614,0.18995543301788562,0.6409593976763854,0.47324193794378605,0.481235157149508,0.9584812235551897,0.4909239374182614,0.1899554337022139,0.6409593965557407,0.47324193794447533,0.48123485243307074,0.49576455637523387
0.4909239374182614,0.18995545199011465,0.6409593617244823,0.47324193794437314,0.4004598647176737,0.9584812184538206,0.49092393741826146,0.18995545274611667,0.640959334776631,0.47324193794433245,0.4004582781343596,0.15258188288602018,0.49092393741826146,0.18995543669044157,0.6409593247735305,0.8278721843079716,0.8670021400034564,0.9293533276951964,0.4909239374182614,0.1899554396573915,0.6409593322410279,0.8278721843079863,0.8338157281223867,0.15258188332758255,0.4909239374182614,0.1899546247307207,0.6409593834411528,0.47324193794436925,0.4004597553956984,0.4957645595152787,0.4909239374182614,0.18995543642557594,0.6409593243453304,0.8278721843079012,0.8670021247885545,0.15258186495341625,0.4909239374182614,0.18995543694942926,0.6409593252252609,0.8278721843080236,0.8670020850724528,0.9584812183525372
0.4909239374182614,0.1899554509488175,0.6409593525747694,0.8278721843080056,0.8338146784021344,0.15258188288889848,0.49092393741826146,0.18995545152753704,0.640959373734221,0.8278721843079981,0.8338135814521049,0.49576455951872606,0.49092393741826146,0.18995543923691766,0.6409593815886541,0.47324193794439384,0.4004581167828806,0.2517371616127324,0.4909239374182614,0.18995544150811788,0.6409593757251763,0.473241937944362,0.4812295414866878,0.49576456069511043,0.4909239374182614,0.18995481768091566,0.6409593355228378,0.8278721843080047,0.8338146028184238,0.9584812184545229,0.4909239374182614,0.18995543903416298,0.6409593819248767,0.47324193794454716,0.4004581555675433,0.4957645117437378,0.4909239374182614,0.18995543943517273,0.6409593812339555,0.47324193794428077,0.40045825680878044,0.15258188324499253
0.4909239374182614,0.18995545015170454,0.640959359759124,0.4732419379443199,0.4812319753823816,0.4957645595263942,0.49092393741826146,0.18995545059471436,0.6409593431447218,0.4732419379443361,0.4812345187775031,0.9584812184546347,0.49092393741826146,0.18995544118624516,0.64095933697742,0.8278721843080091,0.8338134698941033,0.722231241945606,0.4909239374182614,0.18995544292484895,0.6409593415814235,0.8278721843080035,0.8670013927512569,0.9584812184928427,0.4909239374182614,0.18995496538463594,0.6409593731482995,0.47324193794432184,0.48123215063150865,0.15258188288642924,0.4909239374182614,0.18995544103103643,0.6409593367134181,0.8278721843080364,0.8338134967097368,0.9584812169029397,0.4909239374182614,0.1899554413380094,0.6409593372559295,0.827872184307989,0.8338135667076642,0.495764560475079
0.4909239374182614,0.18995544954151455,0.6409593541179688,0.827872184307996,0.8670017100519057,0.9584812184548839,0.49092393741826146,0.18995544988063862,0.6409593671635969,0.8278721843079988,0.8670020415837457,0.15258188288603616,0.49092393741826146,0.18995544267845538,0.6409593720061617,0.4732419379443122,0.4812347774361073,0.7691914194011249,0.4909239374182614,0.18995544400935663,0.6409593683910986,0.47324193794432445,0.40046002161905686,0.15258188275170384,0.4909239374182614,0.18995507845203657,0.6409593436047875,0.8278721843079965,0.8670017328970904,0.4957645595198158,0.4909239374182614,0.18995544255964308,0.640959372213456,0.4732419379442527,0.48123471526133416,0.1525818883415124,0.4909239374182614,0.18995544279463092,0.6409593717874762,0.473241937944356,0.4812345529639978,0.9584812184856962
0.4909239374182614,0.18995544907441414,0.6409593585474039,0.4732419379443407,0.40045921278182495,0.15258188288516025,0.49092393741826146,0.18995544933401362,0.6409593483039764,0.47324193794433467,0.40045836766684095,0.49576455951876863,0.49092393741826146,0.18995544382074234,0.6409593445015942,0.8278721843079945,0.8670020752974069,0.6807084534455209,0.4909239374182614,0.18995544483954724,0.640959347340142,0.8278721843079968,0.8338147868814487,0.49576455916088835,0.4909239374182614,0.1899551650052506,0.6409593668023534,0.4732419379443397,0.4004591545466952,0.9584812184546702,0.4909239374182614,0.18995544372979153,0.6409593443388266,0.8278721843079839,0.8670020671935658,0.49576457405292695,0.4909239374182614,0.1899554439096747,0.6409593446733061,0.8278721843080024,0.8670020460396531,0.15258188277682966
0.4909239374182614,0.18995544871684877,0.6409593550694115,0.8278721843079998,0.8338142276614233,0.49576455951643505,0.49092393741826146,0.18995544891557217,0.6409593631125505,0.8278721843079987,0.8338136433545563,0.9584812184546362,0.49092393741826146,0.189955444695163,0.6409593660981808,0.47324193794434405,0.4004582817265752,0.8333421087986302,0.4909239374182614,0.18995544547505816,0.6409593638693533,0.47324193794433905,0.48123172386111857,0.9584812184430126,0.4909239374182614,0.18995523126180555,0.6409593485876248,0.8278721843079994,0.833814187398202,0.15258188288591165,0.4909239374182614,0.18995544462554015,0.6409593662259859,0.47324193794436703,0.400458302384263,0.9584812189266911,0.4909239374182614,0.18995544476324072,0.6409593659633527,0.4732419379443269,0.40045835630818577,0.49576455922782703
0.4909239374182614,0.1899554484431325,0.6409593578003311,0.47324193794433245,0.4812330204735932,0.9584812184545605,0.49092393741826146,0.18995544859525526,0.6409593514848583,0.4732419379443349,0.48123437525031915,0.15258188288603108,0.49092393741826146,0.18995544536453204,0.6409593491405411,0.8278721843080004,0.8338135839357516,0.5325053462231498,0.4909239374182614,0.18995544596154176,0.6409593508906167,0.8278721843079992,0.8670016772636394,0.15258188292689753,0.4909239374182614,0.18995528198123915,0.6409593628898298,0.47324193794433345,0.4812331138281688,0.4957645595184369,0.4909239374182614,0.18995544531123573,0.6409593490401886,0.8278721843080044,0.8338135982184106,0.1525818812263721,0.4909239374182614,0.18995544541664552,0.6409593492464083,0.8278721843079971,0.833813635501224,0.9584812184451866
0.4909239374182614,0.1899554482336027,0.640959355656013,0.8278721843079981,0.8670018462851008,0.15258188288629732,0.49092393741826146,0.18995544835005268,0.6409593606149222,0.8278721843079987,0.8670020228761575,0.49576455951875514,0.49092393741826146,0.18995544587693405,0.64095936245568,0.4732419379443312,0.4812345130189142,0.9544987937386383,0.4909239374182614,0.18995544633394496,0.6409593610815206,0.47324193794433367,0.40045929636306227,0.49576455962762905,0.4909239374182614,0.18995532080698949,0.6409593516597385,0.8278721843079984,0.8670018584539969,0.9584812184546254,0.4909239374182614,0.1899554458361357,0.6409593625344768,0.47324193794432257,0.481234479903106,0.49576455509718936,0.4909239374182614,0.18995544591682692,0.640959362372553,0.4732419379443383,0.48123439345907726,0.15258188291925398
0.4909239374182614,0.18995544807320763,0.6409593573397316,0.4732419379443361,0.4004588655069332,0.4957645595194644,0.49092393741826146,0.18995544816235008,0.640959353445996,0.4732419379443349,0.40045841535477905,0.9584812184546356,0.49092393741826146,0.1899554462691778,0.640959352000633,0.827872184307998,0.8670020408331639,0.16652255161242843,0.4909239374182614,0.1899554466190196,0.6409593530796229,0.8278721843079985,0.8338142854486642,0.958481218458172,0.4909239374182614,0.18995535052811538,0.6409593604776063,0.4732419379443356,0.40045883448693886,0.15258188288606894,0.4909239374182614,0.18995544623794663,0.6409593519387616,0.8278721843079965,0.8670020365168017,0.9584812183110273,0.4909239374182614,0.18995544629971578,0.6409593520659043,0.8278721843079994,0.8670020252495273,0.49576455960726556
0.4909239374182614,0.18995544795042518,0.6409593560176757,0.8278721843079988,0.8338139875584782,0.9584812184546588,0.49092393741826146,0.18995544801866374,0.640959359075037,0.8278721843079987,0.833813676325811,0.15258188288603305,0.49092393741826146,0.18995544656944036,0.6409593602099358,0.47324193794433633,0.4004583695801661,0.5321593208507338,0.4909239374182614,0.18995544683724427,0.6409593593627131,0.4732419379443354,0.4812328864876883,0.15258188287359972,0.4909239374182614,0.18995537327964546,0.6409593535538165,0.8278721843079989,0.8338139661114738,0.4957645595188559,0.4909239374182614,0.1899554465455329,0.6409593602585173,0.4732419379443397,0.4004583805831031,0.15258188339093376,0.4909239374182614,0.1899554465928172,0.6409593601586849,0.47324193794433345,0.4004584093047682,0.9584812184575107
0.4909239374182614,0.18995544785643526,0.640959357055754,0.47324193794433467,0.4812335771777291,0.15258188288595148,0.49092393741826146,0.18995544790867186,0.640959354655114,0.4732419379443349,0.48123429880307167,0.49576455951876036,0.49092393741826146,0.18995544679929133,0.6409593537639914,0.8278721843079989,0.8338136446774221,0.9545845863236131,0.4909239374182614,0.18995544700429523,0.6409593544292306,0.8278721843079988,0.8670018288197499,0.4957645594856362,0.4909239374182614,0.18995539069594652,0.6409593589903763,0.4732419379443344,0.4812336269048633,0.9584812184546391,0.4909239374182614,0.1899554467809902,0.6409593537258452,0.8278721843079994,0.8338136522848112,0.495764560863887,0.4909239374182614,0.18995544681718632,0.6409593538042335,0.8278721843079984,0.8338136721428577,0.15258188287592495
0.4909239374182614,0.18995544778448595,0.6409593562406549,0.8278721843079987,0.8670019188513475,0.4957645595185429,0.49092393741826146,0.18995544782447307,0.6409593581256374,0.8278721843079987,0.867002012911829,0.958481218454636,0.49092393741826146,0.18995544697524228,0.6409593588253469,0.4732419379443344,0.4812343721831187,0.16622351233515337,0.4909239374182614,0.18995544713217277,0.6409593583030011,0.47324193794433467,0.4004589100282324,0.9584812184535602,0.4909239374182614,0.18995540402812783,0.6409593547215895,0.8278721843079985,0.8670019253331622,0.15258188288602095,0.4909239374182614,0.18995544696123273,0.6409593588552993,0.47324193794433345,0.4812343545446049,0.9584812184983245,0.4909239374182614,0.1899554469889409,0.6409593587937488,0.4732419379443356,0.48123430850167986,0.4957645594918309
0.4909239374182614,0.18995544772940876,0.6409593568806707,0.4732419379443349,0.4004586805267409,0.9584812184546289,0.49092393741826146,0.18995544776001888,0.6409593554005825,0.4732419379443349,0.4004584407550742,0.15258188288603186,0.49092393741826146,0.18995544710993273,0.6409593548511706,0.8278721843079985,0.8670020224763715,0.5313942632368986,0.4909239374182614,0.18995544723006302,0.6409593552613165,0.8278721843079987,0.8338140183401778,0.15258188288981422,0.4909239374182614,0.1899554142339143,0.640959358073441,0.4732419379443354,0.4004586640038046,0.4957645595187281,0.4909239374182614,0.1899554470992084,0.640959354827652,0.8278721843079984,0.867002020177326,0.1525818827324311,0.4909239374182614,0.18995544712041904,0.6409593548759814,0.8278721843079989,0.8670020141759723,0.9584812184537612
0.4909239374182614,0.18995544768724718,0.6409593563781304,0.8278721843079987,0.833813859664384,0.15258188288605687,0.49092393741826146,0.1899554477106792,0.6409593575402956,0.8278721843079987,0.8338136938874695,0.4957645595187571,0.49092393741826146,0.18995544721303828,0.6409593579716939,0.4732419379443354,0.40045841637388263,0.9547710133841515,0.4909239374182614,0.189955447304998,0.6409593576496473,0.4732419379443349,0.4812335058071174,0.4957645595288339,0.4909239374182614,0.1899554220464448,0.6409593554415671,0.8278721843079988,0.8338138482405226,0.958481218454635,0.4909239374182614,0.18995544720482876,0.6409593579901607,0.4732419379443356,0.4004584222344315,0.49576455910954303,0.4909239374182614,0.18995544722106555,0.6409593579522124,0.4732419379443344,0.4004584375326178,0.15258188288910732
0.4909239374182614,0.1899554476549725,0.640959356772725,0.4732419379443349,0.48123387371358356,0.49576455951882376,0.49092393741826146,0.1899554476729097,0.6409593558601929,0.4732419379443349,0.481234258084556,0.9584812184546359,0.49092393741826146,0.18995544729196556,0.640959355521459,0.8278721843079988,0.8338136770304149,0.16557350619328312,0.4909239374182614,0.18995544736236072,0.6409593557743299,0.8278721843079987,0.8670019095483262,0.9584812184549631,0.4909239374182614,0.18995542802693746,0.6409593575081145,0.47324193794433467,0.4812339002009973,0.15258188288603539,0.4909239374182614,0.18995544728568117,0.6409593555069588,0.8278721843079989,0.8338136810823745,0.958481218441345,0.4909239374182614,0.18995544729811042,0.6409593555367559,0.8278721843079985,0.8338136916594768,0.49576455952695064
0.4909239374182614,0.1899554476302662,0.6409593564628894,0.8278721843079987,0.8670019575038441,0.9584812184546379,0.49092393741826146,0.18995544764399713,0.6409593571794096,0.8278721843079987,0.8670020076044576,0.15258188288603225,0.49092393741826146,0.1899554473523844,0.6409593574453833,0.47324193794433467,0.48123429716937516,0.5297289319847676,0.4909239374182614,0.1899554474062719,0.6409593572468291,0.4732419379443349,0.400458704241276,0.15258188288488156,0.4909239374182614,0.18995543260500491,0.6409593558854615,0.8278721843079987,0.8670019609563637,0.4957645595187665,0.4909239374182614,0.18995544734757372,0.6409593574567689,0.4732419379443344,0.4812342877744891,0.15258188293276034,0.4909239374182614,0.1899554473570883,0.6409593574333723,0.4732419379443354,0.4812342632503869,0.958481218454902
0.4909239374182614,0.18995544761135355,0.6409593567061722,0.4732419379443349,0.4004585819968089,0.15258188288602526,0.49092393741826146,0.1899554476218646,0.6409593561435606,0.4732419379443349,0.4004584542842144,0.4957645595187582,0.49092393741826146,0.18995544739863504,0.640959355934718,0.8278721843079987,0.8670020126988883,0.9551612980101954,0.4909239374182614,0.1899554474398859,0.6409593560906228,0.8278721843079987,0.8338138760604719,0.4957645595156926,0.4909239374182614,0.18995543610951576,0.6409593571595686,0.4732419379443349,0.4004585731959145,0.9584812184546362,0.4909239374182614,0.18995544739495243,0.640959355925778,0.8278721843079985,0.8670020114743322,0.4957645596432484,0.4909239374182614,0.18995544740223586,0.6409593559441491,0.8278721843079988,0.8670020082777878,0.15258188288509664
0.4909239374182614,0.1899554475968759,0.6409593565151466,0.8278721843079987,0.8338137915413371,0.49576455951873954,0.49092393741826146,0.1899554476049221,0.6409593569569092,0.8278721843079987,0.833813703241459,0.9584812184546359,0.49092393741826146,0.1899554474340399,0.6409593571208925,0.4732419379443349,0.400458441297886,0.16421185680950504,0.4909239374182614,0.18995544746561743,0.640959356998476,0.4732419379443349,0.4812338356975428,0.9584812184545364,0.4909239374182614,0.18995543879221893,0.6409593561591397,0.8278721843079987,0.8338137854564445,0.15258188288603108,0.4909239374182614,0.18995544743122086,0.6409593571279121,0.4732419379443354,0.4004584444194296,0.9584812184586793,0.4909239374182614,0.18995544743679632,0.6409593571134871,0.47324193794433467,0.40045845256781304,0.4957645595162656
0.4909239374182614,0.18995544758579327,0.6409593566651399,0.4732419379443349,0.4812340316639575,0.9584812184546353,0.49092393741826146,0.18995544759195265,0.6409593563182678,0.4732419379443349,0.48123423639636626,0.15258188288603225,0.49092393741826146,0.1899554474611423,0.6409593561895082,0.8278721843079987,0.8338136942627674,0.5262298512351123,0.4909239374182614,0.1899554474853149,0.6409593562856297,0.8278721843079987,0.8670019525486095,0.15258188288638203,0.4909239374182614,0.18995544084582827,0.6409593569446765,0.4732419379443349,0.48123404577241263,0.49576455951875514,0.4909239374182614,0.18995544745898435,0.6409593561839965,0.8278721843079988,0.8338136964209893,0.15258188287181632,0.4909239374182614,0.18995544746325232,0.640959356195323,0.8278721843079987,0.8338137020547467,0.9584812184545548
0.4909239374182614,0.1899554475773095,0.6409593565473651,0.8278721843079987,0.8670019780919189,0.15258188288603422,0.49092393741826146,0.1899554475820245,0.6409593568197292,0.8278721843079987,0.8670020047775503,0.4957645595187582,0.49092393741826146,0.1899554474818892,0.6409593569208312,0.4732419379443349,0.4812342572143891,0.9559120508616219,0.4909239374182614,0.1899554475003933,0.6409593568453565,0.4732419379443349,0.40045859462830746,0.49576455951969006,0.4909239374182614,0.18995544241786624,0.640959356327873,0.8278721843079987,0.86700197993088,0.9584812184546356,0.4909239374182614,0.18995544748023727,0.640959356925159,0.47324193794433467,0.48123425221032895,0.49576455948088494,0.4909239374182614,0.18995544748350443,0.6409593569162654,0.4732419379443349,0.48123423914788116,0.15258188288631722
0.4909239374182614,0.1899554475708152,0.6409593566398419,0.4732419379443349,0.40045852951528893,0.4957645595187634,0.49092393741826146,0.18995544757442454,0.6409593564259817,0.4732419379443349,0.4004584614903475,0.9584812184546359,0.49092393741826146,0.18995544749777094,0.6409593563465964,0.8278721843079987,0.8670020074910374,0.1615892988450365,0.4909239374182614,0.18995544751193585,0.6409593564058591,0.8278721843079987,0.8338138002746888,0.9584812184546662,0.4909239374182614,0.18995544362126135,0.6409593568121871,0.4732419379443349,0.4004585248275522,0.15258188288603305,0.4909239374182614,0.18995544749650636,0.6409593563431981,0.8278721843079987,0.8670020068387924,0.9584812184534058,0.4909239374182614,0.1899554474990074,0.6409593563501814,0.8278721843079987,0.8670020051361914,0.4957645595195173
0.4909239374182614,0.18995544756584382,0.6409593565672291,0.8278721843079987,0.8338137552558784,0.9584812184546361,0.49092393741826146,0.18995544756860674,0.6409593567351521,0.8278721843079987,0.8338137082237481,0.15258188288603225,0.49092393741826146,0.1899554475099284,0.6409593567974855,0.4732419379443349,0.4004584545733363,0.5194505042556209,0.4909239374182614,0.18995544752077168,0.6409593567509524,0.4732419379443349,0.48123401141477445,0.1525818828859257,0.4909239374182614,0.1899554445424603,0.6409593564319037,0.8278721843079987,0.8338137520148,0.49576455951876036,0.4909239374182614,0.18995544750896037,0.6409593568001538,0.4732419379443349,0.40045845623598886,0.1525818828903568,0.4909239374182614,0.1899554475108749,0.6409593567946705,0.4732419379443349,0.4004584605761273,0.9584812184546606
0.4909239374182614,0.1899554475620382,0.6409593566242446,0.4732419379443349,0.4812341157955564,0.15258188288603147,0.49092393741826146,0.18995544756415322,0.6409593564923916,0.4732419379443349,0.4812342248444145,0.4957645595187582,0.49092393741826146,0.18995544751923493,0.6409593564434474,0.8278721843079987,0.8338137034413567,0.9570994373436076,0.4909239374182614,0.1899554475275355,0.6409593564799851,0.8278721843079987,0.8670019754525446,0.4957645595184743,0.4909239374182614,0.18995544524763813,0.6409593567305022,0.4732419379443349,0.4812341233103324,0.958481218454636,0.4909239374182614,0.18995544751849391,0.6409593564413523,0.8278721843079987,0.8338137045909075,0.4957645595302794,0.4909239374182614,0.1899554475199595,0.6409593564456577,0.8278721843079987,0.8338137075916604,0.1525818828859452
0.4909239374182614,0.189955447559125,0.6409593565794761,0.8278721843079987,0.8670019890579993,0.4957645595187561,0.49092393741826146,0.18995544756074406,0.6409593566830072,0.8278721843079987,0.8670020032718309,0.9584812184546359,0.49092393741826146,0.18995544752635912,0.6409593567214381,0.4732419379443349,0.4812342359328826,0.15743265221439937,0.4909239374182614,0.18995544753271318,0.6409593566927487,0.4732419379443349,0.40045853624337685,0.9584812184546266,0.4909239374182614,0.18995544578745174,0.6409593564960427,0.8278721843079987,0.8670019900375058,0.15258188288603186,0.4909239374182614,0.18995544752579185,0.6409593567230832,0.4732419379443349,0.48123423326753045,0.95848121845501,0.4909239374182614,0.18995544752691373,0.6409593567197025,0.4732419379443349,0.48123422630997514,0.4957645595185263
0.4909239374182614,0.18995544755689495,0.6409593566146283,0.4732419379443349,0.4004585015614081,0.9584812184546359,0.49092393741826146,0.18995544755813432,0.6409593565333358,0.4732419379443349,0.4004584653286108,0.15258188288603225,0.49092393741826146,0.18995544753181265,0.6409593565031598,0.8278721843079987,0.8670020047171383,0.5085974748166344,0.4909239374182614,0.18995544753667667,0.6409593565256867,0.8278721843079987,0.8338137599076458,0.15258188288606467,0.4909239374182614,0.18995544620067908,0.6409593566801403,0.4732419379443349,0.40045849906452613,0.4957645595187571,0.4909239374182614,0.18995544753137844,0.6409593565018681,0.8278721843079987,0.8670020043697275,0.15258188288471686,0.4909239374182614,0.18995544753223723,0.6409593565045226,0.8278721843079987,0.8670020034628569,0.9584812184546284
0.4909239374182614,0.18995544755518784,0.6409593565870269,0.8278721843079987,0.8338137359286982,0.15258188288603225,0.49092393741826146,0.18995544755613658,0.6409593566508578,0.8278721843079987,0.8338137108775066,0.4957645595187582,0.49092393741826146,0.18995544753598737,0.640959356674552,0.4732419379443349,0.400458461644345,0.9582665890749497,0.4909239374182614,0.18995544753971075,0.6409593566568639,0.4732419379443349,0.4812341050099518,0.4957645595188445,0.4909239374182614,0.1899554465170046,0.6409593565355869,0.8278721843079987,0.8338137342023657,0.9584812184546359,0.4909239374182614,0.18995544753565494,0.6409593566755662,0.4732419379443349,0.40045846252993766,0.4957645595152538,0.4909239374182614,0.18995544753631236,0.6409593566734818,0.4732419379443349,0.40045846484166187,0.15258188288605842
0.4909239374182614,0.18995544755388102,0.6409593566086995,0.4732419379443349,0.4812341606076243,0.4957645595187582,0.49092393741826146,0.18995544755460733,0.6409593565585795,0.4732419379443349,0.48123421869140154,0.9584812184546359,0.49092393741826146,0.1899554475391831,0.6409593565399748,0.8278721843079987,0.8338137083302215,0.15333630396306897,0.4909239374182614,0.18995544754203333,0.6409593565538635,0.8278721843079987,0.8670019876521592,0.9584812184546389,0.4909239374182614,0.18995544675915177,0.6409593566490902,0.4732419379443349,0.4812341646103048,0.15258188288603225,0.4909239374182614,0.1899554475389286,0.6409593565391783,0.8278721843079987,0.8338137089425163,0.958481218454522,0.4909239374182614,0.1899554475394319,0.6409593565408152,0.8278721843079987,0.8338137105408322,0.4957645595188279
0.4909239374182614,0.18995544755288069,0.6409593565916821,0.8278721843079987,0.8670019948989801,0.9584812184546359,0.49092393741826146,0.18995544755343668,0.6409593566310364,0.8278721843079987,0.8670020024698265,0.15258188288603225,0.49092393741826146,0.1899554475416294,0.6409593566456447,0.4732419379443349,0.48123422459754495,0.4977722614693248,0.4909239374182614,0.18995544754381127,0.6409593566347394,0.4732419379443349,0.40045850514506665,0.15258188288602173,0.4909239374182614,0.18995544694451544,0.6409593565599674,0.8278721843079987,0.8670019954207043,0.4957645595187582,0.4909239374182614,0.18995544754143462,0.6409593566462701,0.4732419379443349,0.48123422317787634,0.15258188288643237,0.4909239374182614,0.1899554475418199,0.6409593566449849,0.4732419379443349,0.4812342194720158,0.9584812184546382
0.4909239374182614,0.18995544755211494,0.6409593566050442,0.4732419379443349,0.4004584866720328,0.15258188288603225,0.49092393741826146,0.18995544755254057,0.6409593565741432,0.4732419379443349,0.4004584673730181,0.4957645595187582,0.49092393741826146,0.18995544754350208,0.6409593565626728,0.8278721843079987,0.867002003239653,0.9585309715595397,0.4909239374182614,0.1899554475451723,0.6409593565712357,0.8278721843079987,0.833813738406423,0.4957645595187302,0.4909239374182614,0.18995544708641132,0.6409593566299466,0.4732419379443349,0.40045848534209394,0.9584812184546359,0.4909239374182614,0.18995544754335295,0.6409593565621817,0.8278721843079987,0.8670020030546087,0.4957645595198241,0.4909239374182614,0.1899554475436479,0.6409593565631908,0.8278721843079987,0.8670020025715743,0.1525818828860241
0.4909239374182614,0.18995544755152877,0.6409593565945523,0.8278721843079987,0.8338137256342528,0.4957645595187582,0.49092393741826146,0.18995544755185456,0.6409593566188159,0.8278721843079987,0.8338137122910008,0.9584812184546359,0.49092393741826146,0.1899554475449356,0.6409593566278223,0.4732419379443349,0.40045846541063596,0.15240695056425219,0.4909239374182614,0.18995544754621413,0.6409593566210987,0.4732419379443349,0.48123415486276305,0.958481218454635,0.4909239374182614,0.18995544719503263,0.6409593565749989,0.8278721843079987,0.8338137247147391,0.15258188288603225,0.4909239374182614,0.18995544754482144,0.6409593566282079,0.4732419379443349,0.4004584658823366,0.9584812184546705,0.4909239374182614,0.18995544754504723,0.6409593566274155,0.4732419379443349,0.4004584671136504,0.4957645595187364
0.4909239374182614,0.18995544755108001,0.6409593566027906,0.4732419379443349,0.4812341844763605,0.9584812184546359,0.49092393741826146,0.18995544755132943,0.6409593565837388,0.4732419379443349,0.4812342154140692,0.15258188288603225,0.49092393741826146,0.18995544754603294,0.6409593565766669,0.8278721843079987,0.8338137109342183,0.49529839780089085,0.4909239374182614,0.18995544754701166,0.6409593565819462,0.8278721843079987,0.8670019941501732,0.15258188288603539,0.4909239374182614,0.18995544727818223,0.6409593566181438,0.4732419379443349,0.4812341866083481,0.4957645595187582,0.4909239374182614,0.18995544754594557,0.6409593565763642,0.8278721843079987,0.8338137112603502,0.15258188288591049,0.4909239374182614,0.18995544754611843,0.6409593565769863,0.8278721843079987,0.833813712111675,0.9584812184546352
0.4909239374182614,0.18995544755073648,0.6409593565963219,0.8278721843079987,0.8670019980101189,0.15258188288603225,0.49092393741826146,0.18995544755092744,0.6409593566112812,0.8278721843079987,0.8670020020426481,0.4957645595187582,0.49092393741826146,0.18995544754687296,0.6409593566168341,0.4732419379443349,0.48123421855990944,0.9584652447665303,0.4909239374182614,0.1899554475476222,0.6409593566126888,0.4732419379443349,0.4004584885808333,0.4957645595187665,0.4909239374182614,0.18995544734183326,0.6409593565842664,0.8278721843079987,0.8670019982880101,0.9584812184546359,0.4909239374182614,0.1899554475468061,0.6409593566170719,0.4732419379443349,0.481234217803739,0.49576455951843384,0.4909239374182614,0.1899554475469384,0.6409593566165833,0.4732419379443349,0.48123421582985454,0.1525818828860346
0.4909239374182614,0.18995544755047356,0.6409593566014011,0.4732419379443349,0.40045847874135904,0.4957645595187582,0.49092393741826146,0.18995544755061972,0.640959356589655,0.4732419379443349,0.4004584684619482,0.9584812184546359,0.49092393741826146,0.189955447547516,0.6409593565852949,0.8278721843079987,0.8670020024526875,0.1526380424778967,0.4909239374182614,0.18995544754808957,0.6409593565885497,0.8278721843079987,0.8338137269539888,0.9584812184546362,0.4909239374182614,0.1899554473905581,0.640959356610867,0.4732419379443349,0.4004584780329805,0.15258188288603225,0.4909239374182614,0.18995544754746482,0.6409593565851082,0.8278721843079987,0.8670020023541257,0.9584812184546252,0.4909239374182614,0.18995544754756613,0.6409593565854917,0.8278721843079987,0.8670020020968429,0.49576455951876447
0.4909239374182614,0.18995544755027227,0.6409593565974129,0.8278721843079987,0.833813720151021,0.9584812184546359,0.49092393741826146,0.18995544755038413,0.6409593566066359,0.8278721843079987,0.8338137130438822,0.15258188288603225,0.49092393741826146,0.18995544754800825,0.6409593566100594,0.4732419379443349,0.4004584674167074,0.49591416450231884,0.4909239374182614,0.18995544754844734,0.6409593566075038,0.4732419379443349,0.4812341814164162,0.15258188288603108,0.4909239374182614,0.18995544742785697,0.6409593565899803,0.8278721843079987,0.8338137196612512,0.4957645595187582,0.4909239374182614,0.18995544754796906,0.6409593566102061,0.4732419379443349,0.40045846766795357,0.15258188288606975,0.4909239374182614,0.18995544754804664,0.6409593566099049,0.4732419379443349,0.4004584683237991,0.958481218454636
0.4909239374182614,0.1899554475501182,0.6409593566005445,0.4732419379443349,0.4812341971898004,0.15258188288603225,0.49092393741826146,0.1899554475502038,0.6409593565933025,0.4732419379443349,0.48123421366843583,0.4957645595187582,0.49092393741826146,0.1899554475483851,0.6409593565906143,0.8278721843079987,0.8338137123212073,0.9584859916669178,0.4909239374182614,0.1899554475487212,0.640959356592621,0.8278721843079987,0.8670019976112747,0.49576455951875514,0.4909239374182614,0.18995544745640927,0.6409593566063805,0.4732419379443349,0.4812341983253823,0.9584812184546359,0.4909239374182614,0.18995544754835508,0.6409593565904992,0.8278721843079987,0.8338137124949178,0.49576455951885806,0.4909239374182614,0.18995544754841448,0.6409593565907357,0.8278721843079987,0.8338137129483666,0.15258188288603186
0.4909239374182614,0.18995544755000024,0.6409593565980855,0.8278721843079987,0.8670019996672339,0.4957645595187582,0.49092393741826146,0.18995544755006577,0.6409593566037719,0.8278721843079987,0.8670020018151163,0.9584812184546359,0.49092393741826146,0.18995544754867352,0.6409593566058827,0.4732419379443349,0.48123421534403227,0.15256510105599716,0.4909239374182614,0.18995544754893084,0.640959356604307,0.4732419379443349,0.40045847975806176,0.9584812184546356,0.4909239374182614,0.18995544747826607,0.640959356593503,0.8278721843079987,0.8670019998152498,0.15258188288603225,0.4909239374182614,0.18995544754865057,0.640959356605973,0.4732419379443349,0.48123421494126656,0.9584812184546393,0.4909239374182614,0.18995544754869606,0.6409593566057874,0.4732419379443349,0.4812342138898986,0.4957645595187571
0.4909239374182614,0.18995544754990992,0.6409593566000164,0.4732419379443349,0.4004584745171699,0.9584812184546359,0.49092393741826146,0.1899554475499601,0.6409593565955514,0.4732419379443349,0.4004584690419546,0.15258188288603225,0.49092393741826146,0.18995544754889432,0.6409593565938939,0.8278721843079987,0.8670020020335191,0.4957198492759834,0.4909239374182614,0.1899554475490913,0.6409593565951311,0.8278721843079987,0.8338137208539647,0.15258188288603305,0.4909239374182614,0.18995544749499743,0.6409593566036145,0.4732419379443349,0.4004584741398592,0.4957645595187582,0.4909239374182614,0.18995544754887678,0.640959356593823,0.8278721843079987,0.8670020019810214,0.15258188288602018,0.4909239374182614,0.18995544754891158,0.6409593565939687,0.8278721843079987,0.8670020018439825,0.9584812184546359
0.4909239374182614,0.1899554475498408,0.6409593565985001,0.8278721843079987,0.8338137172304354,0.15258188288603225,0.49092393741826146,0.18995544754987922,0.6409593566020061,0.8278721843079987,0.8338137134448961,0.4957645595187582,0.49092393741826146,0.18995544754906338,0.6409593566033075,0.4732419379443349,0.4004584684852192,0.9584797586437575,0.4909239374182614,0.18995544754921415,0.640959356602336,0.4732419379443349,0.4812341955599528,0.49576455951876036,0.4909239374182614,0.1899554475078053,0.6409593565956749,0.8278721843079987,0.8338137169695646,0.9584812184546359,0.4909239374182614,0.18995544754904994,0.6409593566033632,0.4732419379443349,0.4004584686190422,0.49576455951872606,0.4909239374182614,0.1899554475490766,0.6409593566032488,0.4732419379443349,0.40045846896837123,0.15258188288603225
